nome,url,imagem,formato,categoria,acabamento,relevo,classe_ad,variacao_tonalidade,n_faces,espessura,junta,m2_caixa,pecas_caixa
Basaltina Beige,https://www.biancogres.com.br/produto/basaltina-beige/,https://www.biancogres.com.br/wp-content/uploads/2018/09/AMBIENTE_BIANCOGRES_BasaltinaBeige60x60_RGB_1024x1204px_LOW.jpg,60x60,Porcelanato Esmaltado,Sim,Rústico,Sim,LD,4,V3,10,8.8,"1,5"
Abruzzo,https://www.biancogres.com.br/produto/abruzzo/,https://www.biancogres.com.br/wp-content/uploads/2019/10/02-Vita-Abruzzo-final-1024x380.jpg,"18,7x122,7",Vinílico,Sim,Acetinado,Não,LC,-,V2,-,2,JUNTA SECA
Bosco Caramello,https://www.biancogres.com.br/produto/bosco-caramello/,https://www.biancogres.com.br/wp-content/uploads/2018/09/AMBIENTE_BOSCO_CARAMELLO_SITE.jpg,26x106,Porcelanato Esmaltado,Sim,Rústico,Sim,LD,4,V3,10,7.44,"1,5"
Bardosh Grigio,https://www.biancogres.com.br/produto/bardosh-grigio/,https://www.biancogres.com.br/wp-content/uploads/2020/03/AMBIENTE_BIANCOGRES_BARDOSH_GRIGIO_32X60-1024x939.jpg,32x60,Monoporosa,Sim,Acetinado,Sim,LA,-,V2,4,8,1
Calacata Altissimo Satin,https://www.biancogres.com.br/produto/calacata-altissimo/,https://www.biancogres.com.br/wp-content/uploads/2018/09/AMBIENTE_BIANCOGRES_CALACATA_ALTISSIMO_CONTINUO_120X120_-1024x1024.jpg,120x120,Porcelanato Esmaltado,Sim,Acetinado,Não,LD,1,V3,16,12,2
Bardosh Blu,https://www.biancogres.com.br/produto/bardosh-blu/,https://www.biancogres.com.br/wp-content/uploads/2020/03/AMBIENTE_BIANCOGRES_BARDOSH_BLU_32X60_ALTA.jpg,32x60,Monoporosa,Sim,Acetinado,Sim,LA,-,V2,4,8,1
Bergamo Satin,https://www.biancogres.com.br/produto/bergamo-satin/,https://www.biancogres.com.br/wp-content/uploads/2019/11/BIANCOGRES-SUPERGRES-BERGAMO-SATIN-60X60.jpg,60x60,Supergres,Não,Acetinado,Não,LD,1,V3,6,8.1,3
Arenzano,https://www.biancogres.com.br/produto/arenzano/,https://www.biancogres.com.br/wp-content/uploads/2019/10/ARENZANO-LINHA-NUOVA-SITE-1024x155.jpg,18x122,Vinílico,Sim,Acetinado,Não,LC,-,V2,-,5,JUNTA SECA
Angulus Urban,https://www.biancogres.com.br/produto/angulus-urban/,https://www.biancogres.com.br/wp-content/uploads/2019/05/ANGULUS-URBAN.jpg,30X30,Porcelanato Esmaltado,Não,Acetinado,Não,LD,-,V2,1,"7,8","2,2"
Arquitetura,https://www.biancogres.com.br/produto/arquitetura/,https://www.biancogres.com.br/wp-content/uploads/2018/09/mosaico_arquitetura_30x30-1.jpg,30X30,Porcelanato Esmaltado,Sim,Polido,Não,LD,-,V3,1,11,1.5
Aquila,https://www.biancogres.com.br/produto/aquila/,https://www.biancogres.com.br/wp-content/uploads/2019/10/AQUILA-LINHA-NOBILE-1024x138.jpg,"18,7x122,7",Vinílico,Sim,Acetinado,Não,LC,-,V2,-,3,JUNTA SECA
Arosa,https://www.biancogres.com.br/produto/arosa/,https://www.biancogres.com.br/wp-content/uploads/2018/09/AMBIENTE_BIANCOGRES_PORCELANATO_AROSA_26X106-SITE.jpg,26x106,Porcelanato Esmaltado,Sim,Acetinado,Sim,LD,1,V4,18,7.44,"1,5"
Angoli Marrone,https://www.biancogres.com.br/produto/angoli-marrone/,https://www.biancogres.com.br/wp-content/uploads/2020/03/AMBIENTE_BIANCOGRES_ANGOLI_MARRONE_32X60.jpg,32x60,Monoporosa,Sim,Acetinado,Não,LA,-,V2,4,8,1
Angoli Blu,https://www.biancogres.com.br/produto/angoli-blu/,https://www.biancogres.com.br/wp-content/uploads/2020/02/AMBIENTE_BIANCOGRES_ANGOLI_BLU_32X60.jpg,32x60,Monoporosa,Sim,Acetinado,Não,LA,-,V2,4,8,1
Alabastrino Lux,https://www.biancogres.com.br/produto/alabastrino-lux/,https://www.biancogres.com.br/wp-content/uploads/2019/03/AMBIENTE01_ALABASTRINOLUX_20190214_HD.jpg,120x120,Porcelanato Esmaltado,Sim,Polido,Não,LC,1,V3,8,12,2
Alabastrino,https://www.biancogres.com.br/produto/alabastrino/,https://www.biancogres.com.br/wp-content/uploads/2019/03/F02_ALABASTRINO.jpg,120x120,Porcelanato Esmaltado,Sim,Acetinado,Não,LD,1,V3,8,12,2
Calacata Altissimo Lux,https://www.biancogres.com.br/produto/calacata-altissimo-lux/,https://www.biancogres.com.br/wp-content/uploads/2019/03/PORCELANATO_BIANCOGRES_CALACATA_ALTISSIMO_F2_-1024x1024.jpg,120x120,Porcelanato Esmaltado,Sim,Polido,Não,LC,1,V3,16,12,2
Cemento Avorio,https://www.biancogres.com.br/produto/cemento-avorio/,https://www.biancogres.com.br/wp-content/uploads/2018/09/PORC.-BIANCOGRES-CEMENTO-AVORIO-60x60.-1024x1024.jpg,60x60,Porcelanato Esmaltado,Sim,Acetinado,Não,LE,2,V2,1,8.8,"1,5"
Cemento Fendi,https://www.biancogres.com.br/produto/cemento-fendi/,https://www.biancogres.com.br/wp-content/uploads/2018/09/CEMENTOfendi_F1_A7.jpg,60x60,Porcelanato Esmaltado,Sim,Acetinado,Não,LE,2,V2,6,8.8,"1,5"
Cemento Grafite,https://www.biancogres.com.br/produto/cemento-grafite/,https://www.biancogres.com.br/wp-content/uploads/2018/09/CEMENTOGRAFITE_F1.png,60x60,Porcelanato Esmaltado,Sim,Acetinado,Não,LE,2,V2,2,8.8,"1,5"
Cemento Chiaro,https://www.biancogres.com.br/produto/cemento-chiaro/,https://www.biancogres.com.br/wp-content/uploads/2019/10/CEMENTO-CHIARO-LINHA-CITTA-SITE-1024x1024.jpg,90x90,Vinílico,Sim,Acetinado,Não,LD,-,V2,-,3,JUNTA SECA
Cannella Nera,https://www.biancogres.com.br/produto/cannella-nera/,https://www.biancogres.com.br/wp-content/uploads/2019/03/F21-CANNELLA-NERA-e1553115431272.jpg,26x106,Porcelanato Esmaltado,Sim,Acetinado,Não,LD,2,V4,24,"7,44","1,5"
Carvalho Natural,https://www.biancogres.com.br/produto/carvalho-natural/,https://www.biancogres.com.br/wp-content/uploads/2018/09/AMBIENTE_BIANCOGRES_CARVALHO_NATURAL_E_MOOVE_GRAFITE_RGB-1024x432.jpg,26x106,Porcelanato Esmaltado,Sim,Acetinado,Não,LD,2,V4,16,7.44,"1,5"
Carvalho Sense,https://www.biancogres.com.br/produto/carvalho-sense/,https://www.biancogres.com.br/wp-content/uploads/2018/09/AMBIENTE_CARVALHO_SENSE_SITE-1024x495.jpg,26x106,Porcelanato Esmaltado,Sim,Acetinado,Não,LD,2,V4,16,7.44,"1,5"
Campania,https://www.biancogres.com.br/produto/campania/,https://www.biancogres.com.br/wp-content/uploads/2019/10/02-Jantar-Nobile-Campania-1024x767.jpg,"18,7x122,7",Vinílico,Sim,Acetinado,Não,LC,-,V2,-,3,JUNTA SECA
California,https://www.biancogres.com.br/produto/california/,https://www.biancogres.com.br/wp-content/uploads/2018/09/AMBIENTE_BIANCOGRES_CALIFORNIA-SITE.jpg,60x60,Supergres,Não,Acetinado,Sim,LD,2,V4,4,8.1,3
Capraia Lux,https://www.biancogres.com.br/produto/capraia-lux/,https://www.biancogres.com.br/wp-content/uploads/2020/02/AMBIENTE_BIANCOGRES_CAPRAIA_LUX_E_NEW_YORK_GRIGIO_TOUCH_120X120.jpg,120x120,Porcelanato Esmaltado,Sim,Polido,Não,LC,1,V3,18,10.3,2
Calacata Oro Lux,https://www.biancogres.com.br/produto/calacata-oro-lux/,https://www.biancogres.com.br/wp-content/uploads/2019/08/AMBIENTE_BIANCOGRES_CALACATA_ORO_LUX_90X90-SITE-1024x1024.jpg,90x90,Porcelanato Esmaltado,Sim,Polido,Não,LC,1,V3,16,8,1.5
Calacata Satin,https://www.biancogres.com.br/produto/calacata-satin/,https://www.biancogres.com.br/wp-content/uploads/2018/09/AMBIENTE_BIANCOGRES_CALACATA_SATIN_83X83-SITE.jpg,83x83,Porcelanato Esmaltado,Sim,Acetinado,Não,LD,1,V3,12,8,"1,5"
Classic Branco,https://www.biancogres.com.br/produto/classic-branco/,https://www.biancogres.com.br/wp-content/uploads/2019/10/SUPERGRES_BIANCOGRES_CLASSIC_BRANCO_60X60.jpg,60x60,Supergres,Não,Acetinado,Não,LC,2,V1,1,8.1,3
Clark,https://www.biancogres.com.br/produto/clark/,https://www.biancogres.com.br/wp-content/uploads/2018/09/AMBIENTE_BIANCOGRES_CONNECTION_GREY_E_CLARK-1024x641.jpg,60x60,Porcelanato Esmaltado,Sim,Acetinado,Não,LD,2,V4,4,8.8,"1,5"
Calacata Oro Satin,https://www.biancogres.com.br/produto/calacata-oro/,https://www.biancogres.com.br/wp-content/uploads/2019/08/AMBIENTE_BIANCOGRES_CALACATA_ORO_LUX_90X90-SITE-1024x1024.jpg,90x90,Porcelanato Esmaltado,Sim,Acetinado,Não,LC,1,V3,16,8,1.5
Calacata Cremo,https://www.biancogres.com.br/produto/calacata-cremo/,https://www.biancogres.com.br/wp-content/uploads/2018/09/AMBIENTE_BIANCOGRES_CALACATA_CREMO_82X82-SITE-1024x1024.jpg,82x82,Porcelanato Esmaltado,Sim,Polido,Não,LC,1,V4,19,8,"1,5"
Calacata Lux,https://www.biancogres.com.br/produto/calacata-lux/,https://www.biancogres.com.br/wp-content/uploads/2018/09/AMBIENTE_BIANCOGRES_PORCELANATO_CALACATA_LUX_82X82_RGB-SITE-1-1024x614.jpg,82x82,Porcelanato Esmaltado,Sim,Polido,Não,LC,1,V3,12,8,"1,5"
Città,https://www.biancogres.com.br/produto/citta-2/,https://www.biancogres.com.br/wp-content/uploads/2019/03/F01_CITA_32X60.jpg,32x60,Monoporosa,Sim,Acetinado,Não,LA,-,V2,4,8,1
City,https://www.biancogres.com.br/produto/city/,https://www.biancogres.com.br/wp-content/uploads/2018/09/AMBIENTE_BIANCOGRES_CITY_53X106_CITY_SQUARE_53X106_SITE-1024x1024.jpg,53x106,Porcelanato Esmaltado,Sim,Acetinado,Não,LD,1,V4,17,8,1.5
Chloe Lux,https://www.biancogres.com.br/produto/chloe/,https://www.biancogres.com.br/wp-content/uploads/2020/02/CHLOE-BEST-IN-SHOW.jpg,120x120,Porcelanato Esmaltado,Sim,Polido,Não,LC,1,V3,16,10.3,2
Chicago Nebbia,https://www.biancogres.com.br/produto/chicago-nebbia-2/,https://www.biancogres.com.br/wp-content/uploads/2019/03/AF02_ChicagoNEBBIA-1-1024x1024.jpg,83x83,Porcelanato Esmaltado,Sim,Acetinado,Não,LD,2,V3,9,8,"1,5"
Chicago Grigio,https://www.biancogres.com.br/produto/chicago-grigio/,https://www.biancogres.com.br/wp-content/uploads/2018/09/AMBIENTE_BIANCOGRES_CHICAGO_GRIGIO_83X83-1024x724.jpg,83x83,Porcelanato Esmaltado,Sim,Acetinado,Não,LE,2,V3,9,9,"1,5"
Chicago Grafite,https://www.biancogres.com.br/produto/chicago-grafite/,https://www.biancogres.com.br/wp-content/uploads/2018/09/AMBIENTE_BIANCOGRES_CHICAGO_GRAFITE_83X83_site-1024x725.jpg,83x83,Porcelanato Esmaltado,Sim,Acetinado,Não,LD,2,V3,Lenço,8,"1,5"
Chicago Grigio AD4,https://www.biancogres.com.br/produto/chicago-grigio-ad/,https://www.biancogres.com.br/wp-content/uploads/2018/09/AMBIENTE_BIANCOGRES_CHICAGO_GRIGIO_AD_RGB-1024x434.jpg,83x83,Porcelanato Esmaltado,Sim,Rústico,Não,LE,4,V3,Lenço,8,"1,5"
Chicago Lux Grigio,https://www.biancogres.com.br/produto/chicago-lux-grigio/,https://www.biancogres.com.br/wp-content/uploads/2018/09/AMBIENTE_BIANCOGRES_PORCELANATO_CHICAGO_LUX_GRIGIO_82X82-1024x614.jpg,82x82,Porcelanato Esmaltado,Sim,Polido,Não,LC,1,V3,9,8,"1,5"
Chicago Avorio,https://www.biancogres.com.br/produto/chicago-avorio/,https://www.biancogres.com.br/wp-content/uploads/2018/09/AMBIENTE_BIANCOGRES_CHICAGO_AVORIO_83X83_site-1.jpg,83x83,Porcelanato Esmaltado,Sim,Acetinado,Não,LE,2,V3,Lenço,8,1.5
Cemento Grigio⠀⠀,https://www.biancogres.com.br/produto/cemento-grigio%e2%a0%80%e2%a0%80%e2%a0%80%e2%a0%80%e2%a0%80%e2%a0%80%e2%a0%80%e2%a0%80%e2%a0%80/,https://www.biancogres.com.br/wp-content/uploads/2019/10/CiMENTO-GRIGIO-LINHA-CITTA-site-1024x1024.jpg,90x90,Vinílico,Sim,Acetinado,Não,LD,-,V2,-,3,JUNTA SECA
Cemento Grigio AD4,https://www.biancogres.com.br/produto/cemento-grigio-ad4/,https://www.biancogres.com.br/wp-content/uploads/2019/08/CEMENTO-GRIGIO-1024x1024.jpg,60x60,Porcelanato Esmaltado,Sim,Rústico,Não,LD,4,V2,1,8.8,1.5
Cemento Vechio,https://www.biancogres.com.br/produto/cemento-vechio/,https://www.biancogres.com.br/wp-content/uploads/2018/09/PORCELANATO_BIANCOGRES_CEMENTO_VECCHIO_BLU_20X20.jpg,20X20,Porcelanato Esmaltado,Sim,Acetinado,Não,LD,1,V4,4,"7,8",1
Cemento Grigio,https://www.biancogres.com.br/produto/cemento-grigio/,https://www.biancogres.com.br/wp-content/uploads/2018/09/AMB.-BIANCOGRES-PORC.-CEMENTO-HIDRAULICO-20X20-CEMENTO-GRGIO-53X106_.jpg,53x106,Porcelanato Esmaltado,Sim,Acetinado,Não,LE,2,V3,8,8,"1,5"
Cemento Grafite⠀⠀⠀,https://www.biancogres.com.br/produto/cemento-grafite%e2%a0%80%e2%a0%80%e2%a0%80/,https://www.biancogres.com.br/wp-content/uploads/2019/10/CEMENTO-GRAFITE-LINHA-CITTA-SITE-1024x1024.jpg,90x90,Vinílico,Sim,Acetinado,Não,LD,-,V2,-,3,JUNTA SECA
Dubrá,https://www.biancogres.com.br/produto/dubra/,https://www.biancogres.com.br/wp-content/uploads/2020/02/MONOPOROSA_DUBRA_2_45X90_SITE-1.jpg,45x90,Monoporosa,Sim,Acetinado,Sim,LA,-,V2,1,10.5,"1,5"
Classic Branco,https://www.biancogres.com.br/produto/classic-branco-2/,https://www.biancogres.com.br/wp-content/uploads/2019/12/MONOPOROSA_BIANCOGRES_CLASSIC_BRANCO_33X61-site.jpg,60x60,Supergres,Não,Acetinado,Não,LC,2,V1,1,8.1,3
Deck Legno Maso,https://www.biancogres.com.br/produto/deck-legno-maso/,https://www.biancogres.com.br/wp-content/uploads/2018/09/DECK_LEGNO_MASO_F2.jpg,60x60,Porcelanato Esmaltado,Sim,Rústico,Sim,LD,4,V4,5,8.8,"1,5"
Dahino Beige Lux,https://www.biancogres.com.br/produto/dahino-beige-lux/,https://www.biancogres.com.br/wp-content/uploads/2018/09/ambiente-SITE.jpg,"52,7x105",Porcelanato Esmaltado,Sim,Polido,Não,LC,1,V3,8,8,1.5
Dubrá Beige,https://www.biancogres.com.br/produto/dubra-beige/,https://www.biancogres.com.br/wp-content/uploads/2020/02/AMBIENTE_DUBRA_BEIGE_45X90-1024x641.jpg,45x90,Monoporosa,Sim,Acetinado,Sim,LA,-,V2,1,10.5,"1,5"
Deck Eko Caramello,https://www.biancogres.com.br/produto/deck-eko-caramello/,https://www.biancogres.com.br/wp-content/uploads/2018/09/biancogres_deck_eko_caramello_52x52.jpg,60x60,Supergres,Não,Rústico,Sim,LD,4,V3,6,8.1,3
Cristallo Lux Bianco,https://www.biancogres.com.br/produto/cristallo-lux-bianco/,https://www.biancogres.com.br/wp-content/uploads/2018/09/PORCELANATO_BIANCOGRES-CRISTALLO_BIANCO_53X106_-1-1024x512.jpg,"52,7x105",Porcelanato Esmaltado,Sim,Polido,Não,LC,1,V1,1,8,1.5
Cristallo Nude,https://www.biancogres.com.br/produto/cristallo-nude/,https://www.biancogres.com.br/wp-content/uploads/2019/08/PORCELANATO_BIANCOGRES-CRISTALLO_NUDE_53X106-1024x512.jpg,60x60,Porcelanato Esmaltado,Sim,Acetinado,Não,LC,2,V1,1,8.8,1.5
Concrete,https://www.biancogres.com.br/produto/concrete/,https://www.biancogres.com.br/wp-content/uploads/2020/02/AMBIENTE_BIANCOGRES_CONCRETE_53X106_METROPOLI_NATURALE_90X90ALTA.jpg,53x106,Porcelanato Esmaltado,Sim,Acetinado,Não,LE,2,V3,8,8,1.5
Cristallo Bianco,https://www.biancogres.com.br/produto/cristallo-bianco/,https://www.biancogres.com.br/wp-content/uploads/2018/09/PORCELANATO_BIANCOGRES-CRISTALLO_BIANCO_53X106_-1-1024x512.jpg,53x106,Porcelanato Esmaltado,Sim,Acetinado,Não,LC,1,V1,1,8,1.5
Connection Silver AD4,https://www.biancogres.com.br/produto/connection-silver-ad4/,https://www.biancogres.com.br/wp-content/uploads/2019/03/porcelanato_biancogres_connection_silver_AD4_120x120.jpg,120x120,Porcelanato Esmaltado,Sim,Acetinado,Não,LE,4,V2,7,12,2
Connection Silver,https://www.biancogres.com.br/produto/connection-silver/,https://www.biancogres.com.br/wp-content/uploads/2018/09/AMBIENTE03_SPEZIAGRIGIO_CONNECTIONSILVER120X120_HD.jpg,120x120,Porcelanato Esmaltado,Sim,Acetinado,Não,LE,2,V2,7,12,2
Cotton Bianco,https://www.biancogres.com.br/produto/cotton-bianco/,https://www.biancogres.com.br/wp-content/uploads/2020/03/AMBIENTE_BIANCOGRES_QUANTUM_BIANCO_E_COTTON_BIANCO_45X90_site-1024x435.jpg,45x90,Monoporosa,Sim,Acetinado,Não,LA,-,V1,1,10.5,"1,5"
Colonna,https://www.biancogres.com.br/produto/colonna/,https://www.biancogres.com.br/wp-content/uploads/2019/10/COLONNA-LINHA-VITA-1-1024x148.jpg,"18,7x122,7",Vinílico,Sim,Acetinado,Não,LC,-,V2,-,2,JUNTA SECA
Cotton Lux Bianco,https://www.biancogres.com.br/produto/cotton-lux-bianco/,https://www.biancogres.com.br/wp-content/uploads/2020/02/PORCELANATO_BIANCOGRES_MAXIMUS_BIANCO_45X90-e1583340034524-1024x512.jpg,32x60,Monoporosa,Sim,Brilhante,Não,LA,-,V1,1,9,1
Cristallo Beige,https://www.biancogres.com.br/produto/cristallo-beige/,https://www.biancogres.com.br/wp-content/uploads/2018/09/porcelanato_biancogres_cristallo_beige_60x60-1.jpg,60x60,Porcelanato Esmaltado,Sim,Acetinado,,LC,2,V1,1,8.8,"1,5"
Grigio Veneziano,https://www.biancogres.com.br/produto/grigio-veneziano/,https://www.biancogres.com.br/wp-content/uploads/2018/09/AMBIENTE_BIANCOGRES_GRIGIO_VENEZIANO_RGB-SITE-1024x1024.jpg,62x62,Porcelanato Esmaltado,Sim,Polido,Não,LC,1,V3,9,8,"1,5"
Duomo,https://www.biancogres.com.br/produto/duomo/,https://www.biancogres.com.br/wp-content/uploads/2019/10/DUOMO-LINHA-VITA-e1570823879943-1024x128.jpg,"18,7x122,7",Vinílico,Sim,Acetinado,Não,LC,-,V2,-,2,JUNTA SECA
Giardino,https://www.biancogres.com.br/produto/giardino/,https://www.biancogres.com.br/wp-content/uploads/2018/12/GIARDINO_F1_AC3.jpg,60x60,Porcelanato Esmaltado,Sim,Rústico,Não,LE,4,V3,7,8.8,"1,5"
Golden Beige Lux,https://www.biancogres.com.br/produto/golden-beige/,https://www.biancogres.com.br/wp-content/uploads/2019/08/AMBIENTE_BIANCOGRES_GOLDEN_BEIGE_E_GOLDEN_BEIGE_SATIN_90X90-SITE-1024x1024.jpg,90x90,Porcelanato Esmaltado,Sim,Polido,Não,LC,1,V3,8,8,1.5
Golden Beige Satin,https://www.biancogres.com.br/produto/golden-beige-satin/,https://www.biancogres.com.br/wp-content/uploads/2019/08/AMBIENTE_BIANCOGRES_GOLDEN_BEIGE_E_GOLDEN_BEIGE_SATIN_90X90-SITE-1024x1024.jpg,90x90,Porcelanato Esmaltado,Sim,Acetinado,Não,LD,2,V3,8,8,1.5
Geometric Bianco,https://www.biancogres.com.br/produto/geometric-bianco/,https://www.biancogres.com.br/wp-content/uploads/2020/03/AMBIENTE_BIANCOGRES_GEOMETRIC_BIANCO_32X60_ALTA-1024x433.jpg,32x60,Monoporosa,Sim,Acetinado,Sim,LA,-,V1,1,8,1
Geometric Fendi,https://www.biancogres.com.br/produto/geometric-fendi/,https://www.biancogres.com.br/wp-content/uploads/2020/03/BIANCOGRES-GEOMETRIC-FENDI-32X60-1-1024x546.jpg,32x60,Monoporosa,Sim,Acetinado,Sim,LA,-,V1,1,8,1
Galeria Terrazzo,https://www.biancogres.com.br/produto/galeria-terrazzo/,https://www.biancogres.com.br/wp-content/uploads/2018/09/MOSAICO_BIANCOGRES_GALLERIA_TERRAZO_TREDI_30X30.jpg,30X30,Porcelanato Esmaltado,Sim,Acetinado,Sim,LA,-,V3,1,"10,5",JUNTA SECA
Geo Nude,https://www.biancogres.com.br/produto/geo-nude/,https://www.biancogres.com.br/wp-content/uploads/2018/09/AMBIENTE_BIANCOGRES_GEO_NUDE-1024x434.jpg,32x60,Monoporosa,Sim,Brilhante,Sim,LA,-,V1,1,8,1
Forme Nude,https://www.biancogres.com.br/produto/forme-nude/,https://www.biancogres.com.br/wp-content/uploads/2019/08/PORCELANATO_BIANCOGRES_FORME_NUDE-site-1024x512.jpg,53x106,Porcelanato Esmaltado,Sim,Acetinado,Sim,LA,-,V1,1,8,"1,5"
Forme Bianco,https://www.biancogres.com.br/produto/forme-bianco/,https://www.biancogres.com.br/wp-content/uploads/2019/03/AMBIENTE13_SIAN82X82_FORMEBIANCO53X106_HD-1.jpg,53x106,Porcelanato Esmaltado,Sim,Acetinado,Sim,LA,-,V1,1,8,"1,5"
Fiori Bianco,https://www.biancogres.com.br/produto/fiori-bianco/,https://www.biancogres.com.br/wp-content/uploads/2019/03/AMBIENTE-BIANCOGRES-FIORI-BIANCO-32X60-site.jpg,32x60,Monoporosa,Sim,Acetinado,Sim,LA,-,V1,1,8,1
Duomo Chicago,https://www.biancogres.com.br/produto/duomo-chicago/,https://www.biancogres.com.br/wp-content/uploads/2018/09/MOSAICO_BIANCOGRES_DUOMO_CHICAGO_TREDI_26X26.jpg,26x26,Porcelanato Esmaltado,Sim,Acetinado,Não,LA,-,V3,1,12,JUNTA SECA
Ecclesia City,https://www.biancogres.com.br/produto/ecclesia-city/,https://www.biancogres.com.br/wp-content/uploads/2018/09/MOSAICO_BIANCOGRES_ECCLESIA_CITY_30X30.jpg,30X30,Porcelanato Esmaltado,Sim,Acetinado,Não,LD,-,V4,1,10,1.5
Firenze Satin,https://www.biancogres.com.br/produto/firenze-satin/,https://www.biancogres.com.br/wp-content/uploads/2019/11/BIANCOGRES-SUPERGRES-FIRENZE-SATIN-60X60.jpg,60x60,Supergres,Não,Acetinado,Não,LD,1,V3,8,8.1,3
Kit Flor de Lotus,https://www.biancogres.com.br/produto/kit-flor-de-lotus/,https://www.biancogres.com.br/wp-content/uploads/2018/09/acessorio_biancogres_fiori_di_lotus_21x21.jpg,20X20,Porcelanato Esmaltado,Sim,Acetinado,Não,LD,2,V2,1,"7,8",1
Fiori Fendi,https://www.biancogres.com.br/produto/fiori-fendi-2/,https://www.biancogres.com.br/wp-content/uploads/2019/03/07-Fiori-Final.jpg,32x60,Monoporosa,Sim,Acetinado,Sim,LA,-,V1,1,8,1
Grafito,https://www.biancogres.com.br/produto/kit-grafito/,https://www.biancogres.com.br/wp-content/uploads/2019/03/GRAFITO-2-face1.jpg,30X30,Porcelanato Esmaltado,Não,Acetinado,Não,LD,-,V4,4,"7,8",1
Kit Maso Fiori,https://www.biancogres.com.br/produto/kit-maso-fiori/,https://www.biancogres.com.br/wp-content/uploads/2018/09/MOSAICO_BIANCOGRES__MASO_FIORI.jpg,"10X53 / 17,5X53 / 7X53",Porcelanato Esmaltado,Sim,Acetinado,Sim,LD,-,V4,5,"8,8",2
Kit Cemento Hidráulico,https://www.biancogres.com.br/produto/kit-cemento-hidraulico/,https://www.biancogres.com.br/wp-content/uploads/2018/09/porcelanato_biancogres_cemento_hidraulico_kit_9-1.jpg,20X20,Porcelanato Esmaltado,Sim,Acetinado,Não,LD,2,V4,9,"7,8",1
Infinity Black,https://www.biancogres.com.br/produto/infinity-black/,https://www.biancogres.com.br/wp-content/uploads/2018/09/AMBIENTE_BIANCOGRES_INFINITY_BLACK_53X105_SITE.jpg,"52,7x105",Porcelanato Esmaltado,Sim,Polido,Não,LC,1,V3,13,8,1.5
Kit City,https://www.biancogres.com.br/produto/kit-city/,https://www.biancogres.com.br/wp-content/uploads/2018/09/KIT_CITY-1024x1024.jpg,20X20,Porcelanato Esmaltado,Sim,Acetinado,Não,LD,-,V4,4,"7,8",1
Kit Bosco Hidráulico,https://www.biancogres.com.br/produto/kit-bosco-hidraulico/,https://www.biancogres.com.br/wp-content/uploads/2018/09/porcelanato_biancogres_bosco_hidraulico_kit_8-1.jpg,26x26,Porcelanato Esmaltado,Sim,Acetinado,Sim,LD,4,V4,8,,1
Amazon,https://www.biancogres.com.br/produto/kit-amazon/,https://www.biancogres.com.br/wp-content/uploads/2019/03/AMBIENTE_BIANCOGRES_NATURE_MIX_26X106-site-1024x987.jpg,30X30,Porcelanato Esmaltado,Não,Acetinado,Não,LD,-,V4,4,"7,8",1
Imperiale Satin,https://www.biancogres.com.br/produto/imperiale-satin/,https://www.biancogres.com.br/wp-content/uploads/2019/07/PORCELANATO_BIANCOGRES_IMPERIALE_LUX_62X62_SITE.jpg,60x60,Porcelanato Esmaltado,Sim,Acetinado,Não,LD,1,V1,10,8.8,1.5
Infinity Black Tre-di,https://www.biancogres.com.br/produto/infinity-black-tre-di/,https://www.biancogres.com.br/wp-content/uploads/2018/09/MOSAICO_BIANCOGRES_INFINITY_BLACK_TREDI.jpg,30X30,Porcelanato Esmaltado,Sim,Polido,Sim,LA,-,V3,"0,36",10,JUNTA SECA
Imperiale Lux,https://www.biancogres.com.br/produto/imperiale-lux/,https://www.biancogres.com.br/wp-content/uploads/2018/09/AMBIENTE_BIANCOGRES_IMPERIALE_LUX_62X62_SITE-1024x1024.jpg,62x62,Porcelanato Esmaltado,Sim,Polido,Não,LC,1,V3,10,8,"1,5"
Infinity Black Classico,https://www.biancogres.com.br/produto/infinity-black-classico/,https://www.biancogres.com.br/wp-content/uploads/2018/09/MOSAICO_BIANCOGRES_INFINITY_BLACK_CLASSICO.jpg,30X30,Porcelanato Esmaltado,Sim,Polido,Não,LC,-,V3,1,"8,8",3
Imola Ice,https://www.biancogres.com.br/produto/imola-ice/,https://www.biancogres.com.br/wp-content/uploads/2019/08/BIANCOGRES_IMOLA_ICE.jpg,60x60,Supergres,Não,Brilhante,Sim,LD,2,V2,1,8.1,3
Illuminato,https://www.biancogres.com.br/produto/illuminato/,https://www.biancogres.com.br/wp-content/uploads/2018/09/acessorio_biancogres_illuminato30x30.jpg,30X30,Porcelanato Esmaltado,Sim,Polido,Não,LC,-,V3,1,9,3
Illuminato Satin,https://www.biancogres.com.br/produto/illuminato-satin/,https://www.biancogres.com.br/wp-content/uploads/2019/03/AMBIENTE08_ILLUMINATOSATIN83X83_HD.jpg,83x83,Porcelanato Esmaltado,Sim,Acetinado,Não,LD,2,V3,9,8,"1,5"
Honey Light,https://www.biancogres.com.br/produto/honey-light/,https://www.biancogres.com.br/wp-content/uploads/2018/09/AMBIENTE_BIANCOGRES_HONEY_LIGHT_26X106_MOOVE_BIANCO_53X106_SITEEE.jpg,26x106,Porcelanato Esmaltado,Sim,Acetinado,Sim,LD,1,V4,14,7.44,"1,5"
Kit Matiz,https://www.biancogres.com.br/produto/kit-matiz/,https://www.biancogres.com.br/wp-content/uploads/2018/09/biancogres_porcelanato_matiz.jpg,20X20,Porcelanato Esmaltado,Sim,Acetinado,Não,LD,-,V4,9,"7,8",1
Laterizi Grigio,https://www.biancogres.com.br/produto/laterizi-grigio/,https://www.biancogres.com.br/wp-content/uploads/2018/09/AMBIENTE_BIANCOGRES_LATERIZZI_GRIGIO_SITE-1024x1024.jpg,32x60,Monoporosa,Sim,Acetinado,Sim,LA,-,V3,9,8,1
Laterizi Lux Acqua,https://www.biancogres.com.br/produto/laterizi-lux-acqua/,https://www.biancogres.com.br/wp-content/uploads/2019/03/10-Laterizi-Lux-Acqua-Final.jpg,32x60,Monoporosa,Sim,Brilhante,Sim,LA,-,V3,3,8,1
Laterizi Cotto,https://www.biancogres.com.br/produto/laterizi-cotto/,https://www.biancogres.com.br/wp-content/uploads/2018/09/AMBIENTE_LATERIZZI_COTTO_SITE.jpg,32x60,Monoporosa,Sim,Acetinado,Sim,LA,-,V3,9,8,1
Legno Grigio,https://www.biancogres.com.br/produto/legno-grigio/,https://www.biancogres.com.br/wp-content/uploads/2019/08/TRATAMENTO-LEGNO-GRIGIO3-1024x251.png,26x106,Porcelanato Esmaltado,Sim,Acetinado,Sim,LD,2,V4,18,7.44,1.5
Lazio,https://www.biancogres.com.br/produto/lazio/,https://www.biancogres.com.br/wp-content/uploads/2019/10/LAZIO-LINHA-NOBILE-1024x155.jpg,"18,7x122,7",Vinílico,Sim,Acetinado,Não,LC,-,V2,-,3,JUNTA SECA
Laterizi Lux Fendi,https://www.biancogres.com.br/produto/laterizi-lux-fendi/,https://www.biancogres.com.br/wp-content/uploads/2019/03/AMBIENTE06_LATERIZILUXFENDI-ORIGINALENUDE-CORALLO_20190222_HD.jpg,32x60,Monoporosa,Sim,Brilhante,Sim,LA,-,V3,3,8,1
Laterizi Blu,https://www.biancogres.com.br/produto/laterizi-blu-2/,https://www.biancogres.com.br/wp-content/uploads/2019/03/LATERIZI-BLU_1A_T1A-2_EDIT.jpg,32x60,Monoporosa,Sim,Acetinado,Sim,LA,-,V3,9,8,1
Laterizi Avorio,https://www.biancogres.com.br/produto/laterizi-avorio-2/,https://www.biancogres.com.br/wp-content/uploads/2019/03/LATERIZI-AVORIO_1A_T1A_EDIT.jpg,32x60,Monoporosa,Sim,Acetinado,Sim,LA,-,V3,9,8,1
Kit Spezia Deco,https://www.biancogres.com.br/produto/kit-spezia-deco/,https://www.biancogres.com.br/wp-content/uploads/2018/09/porcelanato_biancogres_spezia_deco_26x26-1-1024x512.jpg,26x26,Porcelanato Esmaltado,Sim,Acetinado,Sim,LD,1,V4,8,"8,8",1
Laterizi Bianco,https://www.biancogres.com.br/produto/laterizi-bianco/,https://www.biancogres.com.br/wp-content/uploads/2018/09/REVESTIMENTO_BIANCOGRES_LATERIZI_BIANCO_-32X60_F1-1024x554.jpg,32x60,Monoporosa,Sim,Acetinado,Sim,LA,-,V3,3,8,1
Kit Vietri Sul Mare,https://www.biancogres.com.br/produto/kit-vietri-sul-mare/,https://www.biancogres.com.br/wp-content/uploads/2018/09/KIT_VIETRI_SUL_MARE-e1542391383990-1024x364.jpg,10x30,Porcelanato Esmaltado,Sim,Polido,Não,LC,1,V4,8,"8,4",1
Kit Sistina,https://www.biancogres.com.br/produto/kit-sistina/,https://www.biancogres.com.br/wp-content/uploads/2018/09/KIT_SISTINA-1-1024x1024.jpg,20X20,Porcelanato Esmaltado,Sim,Acetinado,Não,LD,-,V4,9,"7,8",1
Kit Portugues Yellow,https://www.biancogres.com.br/produto/kit-portugues-yellow/,https://www.biancogres.com.br/wp-content/uploads/2018/09/acessorio_biancogres_portugues_yellow.jpg,"17,5x17,5",Porcelanato Esmaltado,Sim,Polido,Não,LC,1,V4,9,"8,8",1
Kit Palace,https://www.biancogres.com.br/produto/kit-palace/,https://www.biancogres.com.br/wp-content/uploads/2018/09/AMBIENTE_BIANCOGRES_CALACATA_SATIN_83X83_KIT_PALACE_20X20_SITE-1024x1024.jpg,"20,5X20,5",Porcelanato Esmaltado,Sim,Polido,Não,LC,1,V4,10,8,1
Legno Maso,https://www.biancogres.com.br/produto/legno-maso/,https://www.biancogres.com.br/wp-content/uploads/2018/09/AMBIENTE_BIANCOGRES_LEGNO_MASO_26X106-SITE.jpg,26x106,Porcelanato Esmaltado,Sim,Acetinado,Sim,LD,2,V4,9,7.44,"1,5"
Kit Organic,https://www.biancogres.com.br/produto/kit-organic/,https://www.biancogres.com.br/wp-content/uploads/2018/11/AMBIENTE_BIANCOGRES_CONNECTION_BEIGE_E_ORGANIC-1024x939.jpg,20X20,Porcelanato Esmaltado,Sim,Acetinado,Não,LD,-,V4,9,"7,8",1
Marmo Bianco,https://www.biancogres.com.br/produto/marmo-bianco/,https://www.biancogres.com.br/wp-content/uploads/2018/09/BIANCOGRES_MARMO_BIANCO_-1-1024x1024.jpg,60x60,Supergres,Não,Acetinado,Não,LC,2,V2,3,8.1,3
Marmo Bronze,https://www.biancogres.com.br/produto/marmo-bronze/,https://www.biancogres.com.br/wp-content/uploads/2019/03/AMBIENTE09_MARMOBRONZE_HD.jpg,83x83,Porcelanato Esmaltado,Sim,Acetinado,Não,LD,2,V3,6,8,"1,5"
Marmo Argento Lux,https://www.biancogres.com.br/produto/marmo-argento/,https://www.biancogres.com.br/wp-content/uploads/2019/08/F01_MARMO_ARGENTO_6-1024x1024.jpg,90x90,Porcelanato Esmaltado,Sim,Polido,Não,LC,1,V3,9,8,1.5
Marmo Argento Satin,https://www.biancogres.com.br/produto/marmo-argento-satin/,https://www.biancogres.com.br/wp-content/uploads/2019/08/AMBIENTE_BIANCOGRES_MARMO_ARGENTO_90X90-SITE-1024x1024.jpg,90x90,Porcelanato Esmaltado,Sim,Acetinado,Não,LD,2,V3,9,8,1.5
Maranello,https://www.biancogres.com.br/produto/maranello/,https://www.biancogres.com.br/wp-content/uploads/2019/10/05-Nuova-Maranello-Final-site-1024x768.jpg,18x122,Vinílico,Sim,Acetinado,Não,LC,-,V2,-,5,JUNTA SECA
Marino,https://www.biancogres.com.br/produto/marino/,https://www.biancogres.com.br/wp-content/uploads/2019/10/MARINO-LINHA-NUOVA-site-1024x131.jpg,18x122,Vinílico,Sim,Acetinado,Não,LC,-,V2,-,5,JUNTA SECA
Luxor Lux,https://www.biancogres.com.br/produto/luxor-lux/,https://www.biancogres.com.br/wp-content/uploads/2018/09/porcelanato_biancogres_luxor_lux_60x60-1.jpg,60x60,Porcelanato Esmaltado,Sim,Brilhante,Não,LC,1,V3,6,8.8,"1,5"
Manarola,https://www.biancogres.com.br/produto/manarola/,https://www.biancogres.com.br/wp-content/uploads/2019/10/MANAROLA-LINHA-VITA-e1570824069479-1024x157.jpg,"18,7x122,7",Vinílico,Sim,Acetinado,Não,LC,-,V2,-,2,JUNTA SECA
Long Deck Line Castano,https://www.biancogres.com.br/produto/long-deck-castano/,https://www.biancogres.com.br/wp-content/uploads/2019/03/PORCELANATO_LONG_DECK_LINE_CASTANO-1024x251.jpg,26x106,Porcelanato Esmaltado,Sim,Acetinado,Sim,LD,4,V4,12,"7,44","1,5"
Long Deck Line Maso,https://www.biancogres.com.br/produto/long-deck-maso/,https://www.biancogres.com.br/wp-content/uploads/2019/03/LONG-DECK-LINE-MASO-1024x251.jpg,26x106,Porcelanato Esmaltado,Sim,Acetinado,Sim,LD,4,V4,18,"7,44","1,5"
Liverpool,https://www.biancogres.com.br/produto/liverpool/,https://www.biancogres.com.br/wp-content/uploads/2019/03/02-Liverpool-Final.jpg,26x106,Porcelanato Esmaltado,Sim,Acetinado,Não,LD,2,V3,14,"7,44","1,5"
Lipica Sabbia,https://www.biancogres.com.br/produto/lipica-sabbia-ad4/,https://www.biancogres.com.br/wp-content/uploads/2019/08/PORCELANATO-BIANCOGRES-LIPICA-SABBIA-60X60.png-1024x1024.jpg,60x60,Porcelanato Esmaltado,Sim,Rústico,Sim,LD,4,V2,4,8.8,1.5
Liguria,https://www.biancogres.com.br/produto/liguria/,https://www.biancogres.com.br/wp-content/uploads/2019/10/LIGURIA-LINHA-MASSIMA-SITE-1024x197.jpg,"23,8x152",Vinílico,Sim,Acetinado,Não,LD,-,V2,-,3,JUNTA SECA
Illuminato Beige Lux,https://www.biancogres.com.br/produto/llluminato-beige/,https://www.biancogres.com.br/wp-content/uploads/2018/09/AMBIENTE_BIANCOGRES_ILLUMINATO_BEIGE_90X90-STE-1024x1024.jpg,82x82,Porcelanato Esmaltado,Sim,Polido,Não,LC,1,V3,9,8,1.5
Lipica Bianco,https://www.biancogres.com.br/produto/lipica-bianco/,https://www.biancogres.com.br/wp-content/uploads/2019/08/PORCELANATO_BIANCOGRES_LIPICA_BIANCO_FLAT_63X63.jpg,60x60,Porcelanato Esmaltado,Sim,Rústico,Sim,LD,4,V2,Lenço,8.8,1.5
Marmo Calacata Bianco,https://www.biancogres.com.br/produto/marmo-calacata-bianco/,https://www.biancogres.com.br/wp-content/uploads/2018/09/AMBIENTE_BIANCOGRES_MARMO_CALACATA_BIANCO_527x105-SITE.jpg,"52,7x105",Porcelanato Esmaltado,Sim,Polido,Não,LC,1,V3,13,8,1.5
Máximus Fendi,https://www.biancogres.com.br/produto/maximus-fendi/,https://www.biancogres.com.br/wp-content/uploads/2020/02/AMBIENTE_BIANCOGRES_MAXIMUSFENDI_MILANOCOLORE_45X90.jpg,45x90,Monoporosa,Sim,Acetinado,Não,LA,-,V1,1,10.5,"1,5"
Matelasse Black,https://www.biancogres.com.br/produto/matelasse-black/,https://www.biancogres.com.br/wp-content/uploads/2018/09/AMBIENTE_BIANCOGRES_MATELASSE_BLACK_53X106_SITE-1024x1024.jpg,53x106,Porcelanato Esmaltado,Sim,Acetinado,Sim,LA,,V1,1,8,1.5
Marmo Nero,https://www.biancogres.com.br/produto/marmo-nero/,https://www.biancogres.com.br/wp-content/uploads/2019/10/04-Citta-Marmo-Nero-Final-site-1024x768.jpg,90x90,Vinílico,Sim,Acetinado,Não,LD,-,V2,-,3,JUNTA SECA
Marmo Grigio Oro Lux,https://www.biancogres.com.br/produto/marmo-grigio-oro/,https://www.biancogres.com.br/wp-content/uploads/2019/08/BIANCOGRES_AMB10_MarmoGrigioOro_HD-1024x1024.jpg,90x90,Porcelanato Esmaltado,Sim,Polido,Não,LC,1,V3,8,8,1.5
Matelasse Bianco,https://www.biancogres.com.br/produto/matelasse-bianco/,https://www.biancogres.com.br/wp-content/uploads/2018/09/AMBIENTE_BIANCOGRES_MATELASSE_BIANCO_53X106_SITE-1024x1024.jpg,53x106,Porcelanato Esmaltado,Sim,Acetinado,Sim,LA,-,V1,1,8,1.5
Máximus Bianco,https://www.biancogres.com.br/produto/maximus-bianco/,https://www.biancogres.com.br/wp-content/uploads/2020/02/AMBIENTE_BIANCOGRES_MAXIMUSBIANCO_MILANOBIANCO_45X90.jpg,45x90,Monoporosa,Sim,Acetinado,Não,LA,-,V1,1,10.5,"1,5"
Marmo Lux,https://www.biancogres.com.br/produto/marmo-lux/,https://www.biancogres.com.br/wp-content/uploads/2018/09/MARMO_LUX_3_AC1.jpg,60x60,Supergres,Não,Brilhante,Não,LC,1,V3,7,8.1,3
Marmo Calacata Satin,https://www.biancogres.com.br/produto/marmo-calacata-satin/,https://www.biancogres.com.br/wp-content/uploads/2019/03/F02_MARMO_CALACATA-SATIN.jpg,53x106,Porcelanato Esmaltado,Sim,Acetinado,Não,LD,2,V3,13,8,"1,5"
Marmo Egeu Satin,https://www.biancogres.com.br/produto/marmo-egeu-satin/,https://www.biancogres.com.br/wp-content/uploads/2019/08/BIANCOGRES_AMB13_MarmoEgeu_20190924-1024x1024.jpg,90x90,Porcelanato Esmaltado,Sim,Acetinado,Não,LD,2,V3,8,8,1.5
Marmo Egeu Beige Satin,https://www.biancogres.com.br/produto/marmo-egeu-beige-satin/,https://www.biancogres.com.br/wp-content/uploads/2019/08/BIANCOGRES_AMB13_MarmoEgeu_20190924-1024x1024.jpg,90x90,Porcelanato Esmaltado,Sim,Acetinado,Não,LD,2,V3,8,9,1.5
Marmo Egeu Tre-di,https://www.biancogres.com.br/produto/marmo-egeu-tre-di/,https://www.biancogres.com.br/wp-content/uploads/2018/09/marmo_egeu_tredi.jpg,30X30,Porcelanato Esmaltado,Sim,Polido,Sim,LA,-,V3,1,10,JUNTA SECA
Marmo di Ferro,https://www.biancogres.com.br/produto/marmo-di-ferro/,https://www.biancogres.com.br/wp-content/uploads/2019/03/AMBIENTE14_MARMOFERRO_HD_20190219.jpg,"52,7x105",Porcelanato Esmaltado,Sim,Lapado,Não,LD,2,V4,6,8,"1,5"
Marmo Egeu Beige Lux,https://www.biancogres.com.br/produto/marmo-egeu-beige/,https://www.biancogres.com.br/wp-content/uploads/2020/03/PORCELANATO_MARMO_EGEU_BEIGE_90X90.jpg,90x90,Porcelanato Esmaltado,Sim,Polido,Não,LC,1,V3,8,9,1.5
Marmo Egeu Lux,https://www.biancogres.com.br/produto/marmo-egeu-2/,https://www.biancogres.com.br/wp-content/uploads/2019/08/AMBIENTE_BIANCOGRES_MARMO_EGEU_82X82-SITE-1024x1024.jpg,90x90,Porcelanato Esmaltado,Sim,Polido,Não,LC,1,V3,8,8,1.5
Montreal,https://www.biancogres.com.br/produto/montreal/,https://www.biancogres.com.br/wp-content/uploads/2018/09/biancogres_supergres_montreal_60x60.jpg,60x60,Supergres,Não,Acetinado,Não,LD,2,V3,5,8.1,3
Marmo di Gre Lux,https://www.biancogres.com.br/produto/marmo-di-gre/,https://www.biancogres.com.br/wp-content/uploads/2019/03/AMBIENTE02_MARMODIGRE120X120_20190222_HD.jpg,120x120,Porcelanato Esmaltado,Sim,Polido,Não,LC,1,V4,6,12,2
Monterosso,https://www.biancogres.com.br/produto/monterosso/,https://www.biancogres.com.br/wp-content/uploads/2019/10/MONTEROSSO-LINHA-NUOVA-SITE-1024x128.jpg,18x122,Vinílico,Sim,Acetinado,Não,LC,-,V2,-,5,JUNTA SECA
Milano Bianco,https://www.biancogres.com.br/produto/milano-bianco/,https://www.biancogres.com.br/wp-content/uploads/2020/02/AMBIENTE_BIANCOGRES_MAXIMUSBIANCO_MILANOBIANCO_45X90-2.jpg,45x90,Monoporosa,Sim,Acetinado,Sim,LA,-,V1,1,10.5,"1,5"
Milano Colore,https://www.biancogres.com.br/produto/milano-colore/,https://www.biancogres.com.br/wp-content/uploads/2020/02/AMBIENTE_BIANCOGRES_MAXIMUSFENDI_MILANOCOLORE_45X90-1.jpg,45x90,Monoporosa,Sim,Acetinado,Sim,LA,-,V2,4,10.5,"1,5"
Milano Cemento,https://www.biancogres.com.br/produto/milano-cemento/,https://www.biancogres.com.br/wp-content/uploads/2020/02/MONOPOROSA_MILANO_CEMENTO_45X90.jpg,45x90,Monoporosa,Sim,Acetinado,Sim,LA,-,V2,4,10.5,"1,5"
Montalcino,https://www.biancogres.com.br/produto/montalcino/,https://www.biancogres.com.br/wp-content/uploads/2018/09/AMBIENTE_BIANCOGRES_MONTALCINO_53X105_SITE.jpg,"52,7x105",Porcelanato Esmaltado,Sim,Polido,Não,LC,1,V4,8,8,1.5
Metropoli Grigio Lapado,https://www.biancogres.com.br/produto/metropoli-grigio-lapado/,https://www.biancogres.com.br/wp-content/uploads/2019/08/AMBIENTE_BIANCOGRES_METROPOLI_GRIGIO_LAPADO_90X90-SITE-1024x1024.jpg,90x90,Porcelanato Esmaltado,Sim,Lapado,Não,LE,2,V2,10,8,1.5
Metropoli Grigio,https://www.biancogres.com.br/produto/metropoli-grigio/,https://www.biancogres.com.br/wp-content/uploads/2019/08/PORCELANATO-BIANCOGRES-METROPOLE-GRIGIO-90X90-1024x1024.jpg,90x90,Porcelanato Esmaltado,Sim,Acetinado,Não,LE,2,V2,10,8,1.5
Metropoli Beige,https://www.biancogres.com.br/produto/metropoli-beige/,https://www.biancogres.com.br/wp-content/uploads/2019/08/AMBIENTE_BIANCOGRES_METROPOLI_BEIGE_METROPOLI_DECO_90X90-SITE-1024x1024.jpg,90x90,Porcelanato Esmaltado,Sim,Acetinado,Não,LE,2,V2,10,8,1.5
Metropoli Naturale,https://www.biancogres.com.br/produto/metropoli-naturale/,https://www.biancogres.com.br/wp-content/uploads/2019/08/Metropole_Naturale_lenco-1024x1024.jpg,90x90,Porcelanato Esmaltado,Sim,Acetinado,Não,LE,2,V2,10,8,1.5
Metropoli Grigio AD4,https://www.biancogres.com.br/produto/metropoli-grigio-ad4/,https://www.biancogres.com.br/wp-content/uploads/2019/08/AMBIENTE_BIANCOGRES_METROPOLI_GRIGIO_AD4_METROPOLI_DECO_90X90-SITE-1024x1024.jpg,90x90,Porcelanato Esmaltado,Sim,Acetinado,Não,LE,4,V2,10,8,1.5
Metropoli Deco,https://www.biancogres.com.br/produto/metropoli-deco/,https://www.biancogres.com.br/wp-content/uploads/2019/08/METROPOLI-SITE-2-1024x1024.jpg,90x90,Porcelanato Esmaltado,Sim,Acetinado,Não,LE,2,V2,6,8,1.5
Máximus Nude,https://www.biancogres.com.br/produto/maximus-nude/,https://www.biancogres.com.br/wp-content/uploads/2020/02/AMBIENTE_BIANCOGRES_QUANTUM_CARRARA_E_MAXIMUS_NUDE45X90_ALTA-1024x432.jpg,45x90,Monoporosa,Sim,Acetinado,Não,LA,-,V1,1,10.5,"1,5"
Metallo⠀⠀,https://www.biancogres.com.br/produto/metallo-2/,https://www.biancogres.com.br/wp-content/uploads/2019/10/METALLO-LINHA-CITTA-SITE-1024x1024.jpg,90x90,Vinílico,Sim,Acetinado,Não,LD,-,V2,-,3,JUNTA SECA
Máximus Lux Bianco,https://www.biancogres.com.br/produto/maximus-lux-bianco/,https://www.biancogres.com.br/wp-content/uploads/2020/02/AMBIENTE_BIANCOGRES_MAXIMUSBIANCO_MILANOBIANCO_45X90-1.jpg,45x90,Monoporosa,Sim,Brilhante,Não,LA,-,V1,1,10.5,"1,5"
Metallo,https://www.biancogres.com.br/produto/metallo/,https://www.biancogres.com.br/wp-content/uploads/2019/03/F01_METALLO.jpg,53x106,Porcelanato Esmaltado,Sim,Acetinado,Sim,LD,2,V3,6,8,"1,5"
New York Grigio Touch,https://www.biancogres.com.br/produto/new-york-grigio-touch/,https://www.biancogres.com.br/wp-content/uploads/2020/02/AMBIENTE_BIANCOGRES_NEW_YORK_GRIGIO_TOUCH_CAPRAIA_LUX_120X120.jpg,120x120,Porcelanato Esmaltado,Sim,Escovado,Não,LD,1,V3,9,10.3,2
Onix Bianco Lux,https://www.biancogres.com.br/produto/onix-bianco/,https://www.biancogres.com.br/wp-content/uploads/2018/09/PORCELANATO_BIANCOGRES_ONIX_BIANCO_90X90.jpg,120x120,Porcelanato Esmaltado,Sim,Polido,Não,LC,1,V3,8,10.3,2
Origami Cemento,https://www.biancogres.com.br/produto/origami-cemento/,https://www.biancogres.com.br/wp-content/uploads/2020/02/AMBIENTE_BIANCOGRES_ORIGAMI_CEMENTO_45X90.jpg,45x90,Monoporosa,Sim,Acetinado,Sim,LA,-,V2,4,10.5,"1,5"
Origami Bianco,https://www.biancogres.com.br/produto/origami-bianco/,https://www.biancogres.com.br/wp-content/uploads/2020/02/AMBIENTE_BIANCOGRES_ORIGAMI_BIANCO_45X90.jpg,45x90,Monoporosa,Sim,Acetinado,Sim,LA,-,V1,1,10.5,"1,5"
Muira Caramello,https://www.biancogres.com.br/produto/muira-caramello/,https://www.biancogres.com.br/wp-content/uploads/2018/09/AMBIENTE_BIANCOGRES_MUIRA_CARAMELLO_26X106-SITE.jpg,26x106,Porcelanato Esmaltado,Sim,Acetinado,Não,LD,2,V3,18,7.44,"1,5"
Origami Legno,https://www.biancogres.com.br/produto/origami-legno/,https://www.biancogres.com.br/wp-content/uploads/2020/02/AMBIENTE_ORIGAMI_LEGNO_45X90-1024x1024.jpg,45x90,Monoporosa,Sim,Acetinado,Sim,LA,-,V2,6,10.5,"1,5"
Onix Bianco Satin,https://www.biancogres.com.br/produto/onix-satin/,https://www.biancogres.com.br/wp-content/uploads/2019/08/AMBIENTE_BIANCOGRES_ONIX_BIANCO_90X90.jpg,53x106,Porcelanato Esmaltado,Sim,Acetinado,Não,LD,2,V3,16,8,1.5
New Grey,https://www.biancogres.com.br/produto/new-grey/,https://www.biancogres.com.br/wp-content/uploads/2018/09/AMBIENTE_BIANCOGRES_NEW_GREY_82X82-SITE.jpg,82x82,Porcelanato Esmaltado,Sim,Polido,Não,LC,1,V3,9,8,"1,5"
New Grey Tre-di,https://www.biancogres.com.br/produto/new-grey-tre-di/,https://www.biancogres.com.br/wp-content/uploads/2018/09/mosaico_biancogres_new_grey_tredi-1.jpg,30X30,Porcelanato Esmaltado,Sim,Polido,Sim,LA,-,V3,1,10,JUNTA SECA
Navona Tre-di,https://www.biancogres.com.br/produto/navona-tre-di/,https://www.biancogres.com.br/wp-content/uploads/2018/09/mosaico_biancogres_navona_tredi_30x30-1.jpg,30X30,Porcelanato Esmaltado,Sim,Acetinado,Sim,LA,-,V3,1,11,JUNTA SECA
Navona,https://www.biancogres.com.br/produto/navona/,https://www.biancogres.com.br/wp-content/uploads/2019/10/NAVONA-LINHA-NOBILE-1024x139.jpg,"18,7x122,7",Vinílico,Sim,Acetinado,Não,LC,-,V2,-,3,JUNTA SECA
Mureto Beige,https://www.biancogres.com.br/produto/mureto-beige/,https://www.biancogres.com.br/wp-content/uploads/2020/02/AMBIENTE_BIANCOGRES_MURETO_BEIGE_E_CEMENTO_GRIGIO_AD4_60X60-SITE-1024x1024.jpg,60x60,Porcelanato Esmaltado,Sim,Acetinado,Sim,LA,-,V3,4,8.8,1.5
Nature Mix,https://www.biancogres.com.br/produto/nature-mix/,https://www.biancogres.com.br/wp-content/uploads/2019/03/03-Nature-Mix-Final.jpg,26x106,Porcelanato Esmaltado,Sim,Acetinado,Sim,LD,2,V3,18,"7,44","1,5"
Navas Grigio,https://www.biancogres.com.br/produto/navas-grigio/,https://www.biancogres.com.br/wp-content/uploads/2019/03/F7-NAVAS-GRIGIO.jpg,83x83,Porcelanato Esmaltado,Sim,Acetinado,Sim,LD,4,V4,8,8,"1,5"
Naviglio,https://www.biancogres.com.br/produto/naviglio/,https://www.biancogres.com.br/wp-content/uploads/2019/10/NAVIGLIO-LINHA-NOBILE-e1571061487400-1-1024x158.jpg,"18,7x122,7",Vinílico,Sim,Acetinado,Não,LC,-,V2,-,3,JUNTA SECA
Originale Beige,https://www.biancogres.com.br/produto/originale-beige/,https://www.biancogres.com.br/wp-content/uploads/2018/09/monoporosa_biancogres_originale_beige_32x60-1024x1852.jpg,32x60,Monoporosa,Sim,Acetinado,Não,LA,-,V1,1,8,1
Peroba,https://www.biancogres.com.br/produto/peroba/,https://www.biancogres.com.br/wp-content/uploads/2019/03/04-Peroba-Final.jpg,26x106,Porcelanato Esmaltado,Sim,Acetinado,Não,LD,2,V3,12,"7,44","1,5"
Piani,https://www.biancogres.com.br/produto/piani/,https://www.biancogres.com.br/wp-content/uploads/2020/02/MONOPOROSA_BIANCOGRES_PIANI_45X90-1.jpg,45x90,Monoporosa,Sim,Acetinado,Sim,LA,-,V2,1,10.5,"1,5"
Murano,https://www.biancogres.com.br/produto/murano/,https://www.biancogres.com.br/wp-content/uploads/2019/10/Ambiente-Murano-1024x768.jpg,"18,7x122,7",Vinílico,Sim,Acetinado,Não,LC,-,V2,-,2,JUNTA SECA
Palazzo,https://www.biancogres.com.br/produto/palazzo/,https://www.biancogres.com.br/wp-content/uploads/2019/10/PALAZZO-LINHA-NOBILE-e1571063129540-1024x129.jpg,"18,7x122,7",Vinílico,Sim,Acetinado,Não,LC,-,V2,-,3,JUNTA SECA
Oxy Tre-di,https://www.biancogres.com.br/produto/oxy-tre-di/,https://www.biancogres.com.br/wp-content/uploads/2018/09/ambiente-oxy-tre-di-site-1024x1024.jpg,30X30,Porcelanato Esmaltado,Sim,Lapado,Sim,LA,-,V4,1,11,JUNTA SECA
Panda,https://www.biancogres.com.br/produto/panda/,https://www.biancogres.com.br/wp-content/uploads/2020/02/AMBIENTE_BIANCOGRES_PANDA_527X105-1024x1024.jpg,"52,7x105",Porcelanato Esmaltado,Sim,Polido,Não,LC,1,V3,16,8,1.5
Oxy,https://www.biancogres.com.br/produto/oxy/,https://www.biancogres.com.br/wp-content/uploads/2018/09/AMBIENTE_PORCELANATO_BIANCOGRES_OXY_SPEZZIA-1024x724.jpg,"52,7x105",Porcelanato Esmaltado,Sim,Lapado,Não,LD,2,V4,12,8,1.5
Oviedo Puro Branco,https://www.biancogres.com.br/produto/oviedo-puro-branco/,https://www.biancogres.com.br/wp-content/uploads/2018/09/monoporosa_biancogres_oviedo_puro_branco_33x61-1024x1852.jpg,33x61,Monoporosa,Não,Brilhante,Não,LA,-,V1,1,8,1.5
Oxford Grafite,https://www.biancogres.com.br/produto/oxford-grafite/,https://www.biancogres.com.br/wp-content/uploads/2019/11/BIANCOGRES-SUPERGRES-OXFORD-GRAFITE-60X60.jpg,60x60,Supergres,Não,Acetinado,Não,LD,2,V2,3,8.1,3
Oxford Deco,https://www.biancogres.com.br/produto/oxford-deco/,https://www.biancogres.com.br/wp-content/uploads/2018/09/biancogres_supergres_oxford_deco_60x60.jpg,60x60,Supergres,Não,Acetinado,Não,LD,2,V4,6,8.1,3
Oxford Grigio,https://www.biancogres.com.br/produto/oxford-grigio/,https://www.biancogres.com.br/wp-content/uploads/2018/09/biancogres_supergres_oxford_grigio_60x60.jpg,60x60,Supergres,Não,Acetinado,Não,LD,2,V2,3,8.1,3
Oviedo Puro Beige,https://www.biancogres.com.br/produto/oviedo-puro-beige/,https://www.biancogres.com.br/wp-content/uploads/2018/09/monoporosa_biancogres_oviedo_puro_beige_33x61-1024x1852.jpg,33x61,Monoporosa,Não,Brilhante,Não,LA,-,V1,1,8,1.5
Oxford Grafite AD4,https://www.biancogres.com.br/produto/oxford-grafite-ad4/,https://www.biancogres.com.br/wp-content/uploads/2019/11/BIANCOGRES-SUPERGRES-OXFORD-GRAFITE-60X60.jpg,60x60,Supergres,Não,Acetinado,Não,LD,4,V2,3,8.1,3
Oxford Avorio,https://www.biancogres.com.br/produto/oxford-avorio/,https://www.biancogres.com.br/wp-content/uploads/2018/09/biancogres_supergres_oxford_avorio_60x60.jpg,60x60,Supergres,Não,Acetinado,Não,LD,2,V2,,8.1,3
Originale Bianco,https://www.biancogres.com.br/produto/originale-bianco/,https://www.biancogres.com.br/wp-content/uploads/2018/09/monoporosa_biancogres_originale_bianco_32x60-1024x1852.jpg,32x60,Monoporosa,Sim,Acetinado,Não,LA,-,V1,1,8,1
Piani Cemento,https://www.biancogres.com.br/produto/piani-cemento/,https://www.biancogres.com.br/wp-content/uploads/2020/03/PIANI_CEMENTO_SITE.jpg,45x90,Monoporosa,Sim,Acetinado,Sim,LA,-,V2,1,10.5,"1,5"
Originale Nude,https://www.biancogres.com.br/produto/originale-nude/,https://www.biancogres.com.br/wp-content/uploads/2018/09/monoporosa_biancogres_originale_nude_32x60-1024x1920.jpg,32x60,Monoporosa,Sim,Acetinado,Não,LA,-,V1,1,8,1
Porta Santa,https://www.biancogres.com.br/produto/porta-santa/,https://www.biancogres.com.br/wp-content/uploads/2020/02/AMBIENTE_BIANCOGRES_PORTA_SANTA_527X105-1.jpg,"52,7x105",Porcelanato Esmaltado,Sim,Polido,Não,LC,1,V4,10,8,1.5
Prestige Beige,https://www.biancogres.com.br/produto/prestige-beige/,https://www.biancogres.com.br/wp-content/uploads/2018/09/porcelanato_biancogres_prestige_beige_60x60_rgb-1.jpg,60x60,Porcelanato Esmaltado,Sim,Brilhante,Não,LC,1,V3,6,8.8,"1,5"
Porfido Chiara AD4,https://www.biancogres.com.br/produto/porfido-chiara-ad4/,https://www.biancogres.com.br/wp-content/uploads/2019/11/BIANCOGRES-SUPERGRES-PORFIDO-CHIARA-AD4-60X60.jpg,60x60,Supergres,Não,Acetinado,Não,LD,4,V2,1,8.1,3
Pietra Platino,https://www.biancogres.com.br/produto/pietra-platino/,https://www.biancogres.com.br/wp-content/uploads/2019/10/PIETRA-PLATINO-LINHA-CITTA-SITE-1024x1023.jpg,90x90,Vinílico,Sim,Acetinado,Não,LD,-,V2,-,3,JUNTA SECA
Porfido Grigio AD4,https://www.biancogres.com.br/produto/porfido-grigio-ad4/,https://www.biancogres.com.br/wp-content/uploads/2019/11/BIANCOGRES-SUPERGRES-PORFIDO-GRIGIO-AD4-60X60-1-1024x1022.jpg,60x60,Supergres,Não,Acetinado,Não,LD,4,V2,1,8.1,3
Pietra Nicolau Castano,https://www.biancogres.com.br/produto/pietra-nicolau-castano/,https://www.biancogres.com.br/wp-content/uploads/2019/08/AMBIENTE_BIANCOGRES_PIETRA_NICOLAU_CASTANO_90X90-SITE-1024x1024.jpg,90x90,Porcelanato Esmaltado,Sim,Rústico,Sim,LE,4,V2,6,8,1.5
Pietra Nicolau,https://www.biancogres.com.br/produto/pietra-nicolau/,https://www.biancogres.com.br/wp-content/uploads/2018/09/AMBIENTE_BIANCOGRES_PIETRA_NICOLAU_83X83_SITE-1024x1024.jpg,83x83,Porcelanato Esmaltado,Sim,Rústico,Sim,LD,4,V3,6,8,"1,5"
Pietra Lavica AD4,https://www.biancogres.com.br/produto/pietra-lavica-ad/,https://www.biancogres.com.br/wp-content/uploads/2018/09/AMBIENTE_BIANCOGRES_PIETRA_LAVICA_AD_E_CEMENTO_VECHIO_RGB-1.jpg,53x106,Porcelanato Esmaltado,Sim,Rústico,Sim,LD,4,V3,6,8,1.5
Pietra Lavica,https://www.biancogres.com.br/produto/pietra-lavica/,https://www.biancogres.com.br/wp-content/uploads/2018/09/AMBIENTE_BIANCOGRES_PIETRA_LAVICA_E_WALLPAPER_LAVICA_RGB-1024x1024.jpg,53x106,Porcelanato Esmaltado,Sim,Acetinado,Não,LD,2,V3,6,8,1.5
Pietra di Tibur,https://www.biancogres.com.br/produto/pietra-di-tibur-2/,https://www.biancogres.com.br/wp-content/uploads/2018/12/F3_PIETRA-DI-TIBUR-1024x1024.jpg,83x83,Porcelanato Esmaltado,Sim,Rústico,Não,LE,4,V4,9,8,"1,5"
Pietra di Vesale Sabbia,https://www.biancogres.com.br/produto/pietra-di-vesale-sabbia/,https://www.biancogres.com.br/wp-content/uploads/2018/09/pietra_di_vesale_sabbia_60x60-1.jpg,60x60,Porcelanato Esmaltado,Sim,Rústico,Sim,LD,4,V3,9,8.8,"1,5"
Pietra Grafite,https://www.biancogres.com.br/produto/pietra-grafite/,https://www.biancogres.com.br/wp-content/uploads/2019/10/05-Lobby-Citta-Pietra-Grafite-1024x767.jpg,90x90,Vinílico,Sim,Acetinado,Não,LD,-,V2,-,3,JUNTA SECA
Pietra Di Maremma,https://www.biancogres.com.br/produto/pietra-di-maremma/,https://www.biancogres.com.br/wp-content/uploads/2020/02/AMBIENTE_BIANCOGRES_PIETRA_DI_MAREMMA_53X106-1.jpg,53x106,Porcelanato Esmaltado,Sim,Rústico,Sim,LD,4,V3,7,8,1.5
Piemonte Beige,https://www.biancogres.com.br/produto/piemonte-beige/,https://www.biancogres.com.br/wp-content/uploads/2018/09/PORCELLANATO-PIEMONTE-BEIGE-BAIXA-1024x1029.jpg,60x60,Porcelanato Esmaltado,Sim,Acetinado,Não,LC,1,V2,3,8.8,3
Piemonte,https://www.biancogres.com.br/produto/piemonte/,https://www.biancogres.com.br/wp-content/uploads/2019/10/01-Massima-Piemonte-final-SITE-1024x379.jpg,"23,8x152",Vinílico,Sim,Acetinado,Não,LD,-,V2,-,3,JUNTA SECA
Pulpis Beige,https://www.biancogres.com.br/produto/pulpis-beige/,https://www.biancogres.com.br/wp-content/uploads/2018/09/AMBIENTE_BIANCOGRES_PULPIS_BEIGE_62X62_STELLE_FENDI_33X58-SITE.jpg,62x62,Porcelanato Esmaltado,Sim,Polido,Não,LC,1,V3,Lenço,8,"1,5"
Rig Legno,https://www.biancogres.com.br/produto/rig-legno-2/,https://www.biancogres.com.br/wp-content/uploads/2019/03/11-Rig-Legno-Final.jpg,32x60,Monoporosa,Sim,Acetinado,Sim,LA,-,V2,6,8,1
Scala,https://www.biancogres.com.br/produto/scala/,https://www.biancogres.com.br/wp-content/uploads/2019/10/SCALA-LINHA-MASSIMA-SITE-1024x203.jpg,"23,8x152",Vinílico,Sim,Acetinado,Não,LD,-,V2,-,3,JUNTA SECA
Rig Legno,https://www.biancogres.com.br/produto/rig-legno/,https://www.biancogres.com.br/wp-content/uploads/2020/02/AMBIENTE_BIANCOGRES_RIGLEGNO_45X90.jpg,32x60,Monoporosa,Sim,Acetinado,Sim,LA,-,V2,6,8,1
Rig Sense,https://www.biancogres.com.br/produto/rig-sense/,https://www.biancogres.com.br/wp-content/uploads/2018/09/F1_RIG-SENSE_2019_N03Ai-1024x542.jpg,32x60,Monoporosa,Sim,Acetinado,Sim,LA,-,V2,6,8,1
Rig Bianco,https://www.biancogres.com.br/produto/rig-bianco-2/,https://www.biancogres.com.br/wp-content/uploads/2020/02/AMBIENTE_BIANCOGRES_RIG_BIANCO_32X60_SITE-1024x1024.jpg,32x60,Monoporosa,Sim,Acetinado,Sim,LA,-,V1,1,8,1
Retangulus Cemento,https://www.biancogres.com.br/produto/retangulus-cemento/,https://www.biancogres.com.br/wp-content/uploads/2019/05/8.-Retangulus-Cemento.jpg,30X30,Porcelanato Esmaltado,Não,Acetinado,Não,LD,-,V2,1,"7,8",3
Quadro Vanilla,https://www.biancogres.com.br/produto/quadro-vanilla/,https://www.biancogres.com.br/wp-content/uploads/2019/05/QUADRO-VANILLA.jpg,30X30,Porcelanato Esmaltado,Não,Acetinado,Não,LD,-,V3,1,"7,8",3
Rig Bianco,https://www.biancogres.com.br/produto/rig-bianco/,https://www.biancogres.com.br/wp-content/uploads/2018/09/AMBIENTE_BIANCOGRES_RIG_BIANCO_32X60_SITE-1024x1024.jpg,32x60,Monoporosa,Sim,Acetinado,Sim,LA,-,V1,1,8,1
Quantum Bianco,https://www.biancogres.com.br/produto/quantum-bianco/,https://www.biancogres.com.br/wp-content/uploads/2020/02/AMBIENTE_BIANCOGRES_QUANTUM_BIANCO_E_COTTON_BIANCO_45X90-1024x435.jpg,45x90,Monoporosa,Sim,Acetinado,Sim,LA,-,V1,1,10.5,"1,5"
Quadro Montreal,https://www.biancogres.com.br/produto/quadro-montreal/,https://www.biancogres.com.br/wp-content/uploads/2019/05/6.-Quadro-Montreal.jpg,30X30,Porcelanato Esmaltado,Não,Acetinado,Não,LD,-,V3,1,"7,4",3
Quadro Cemento Mix,https://www.biancogres.com.br/produto/quadro-cemento-mix/,https://www.biancogres.com.br/wp-content/uploads/2019/05/9.-Quadro-Cemento-Mix.jpg,30X30,Porcelanato Esmaltado,Não,Acetinado,Não,LD,-,V3,1,"7,8","2,4"
Quadro Oxford Mix,https://www.biancogres.com.br/produto/quadro-oxford-mix/,https://www.biancogres.com.br/wp-content/uploads/2019/05/quadro-oxford-mix.png,30X30,Porcelanato Esmaltado,Não,Acetinado,Não,LD,-,V3,1,"7,4","2,4"
Quantum Carrara,https://www.biancogres.com.br/produto/quantum-carrara/,https://www.biancogres.com.br/wp-content/uploads/2020/02/AMBIENTE_BIANCOGRES_QUANTUM_CARRARA_E_MAXIMUS_NUDE45X90_ALTA-1-1024x432.jpg,45x90,Monoporosa,Sim,Acetinado,Sim,LA,-,V2,4,10.5,"1,5"
Quadratus Wood,https://www.biancogres.com.br/produto/quadratus-wood/,https://www.biancogres.com.br/wp-content/uploads/2019/05/1.-Quadratus-Wood.jpg,30X30,Porcelanato Esmaltado,Não,Rústico,Sim,LA,-,V4,1,"8,8",JUNTA SECA
Quadratus Cimento,https://www.biancogres.com.br/produto/quadratus-cimento/,https://www.biancogres.com.br/wp-content/uploads/2019/05/2.-Quadratus-Cimento.jpg,30X30,Porcelanato Esmaltado,Não,Acetinado,Sim,LA,-,V3,1,"7,8",JUNTA SECA
Scandinavo Bianco,https://www.biancogres.com.br/produto/scandinavo-bianco/,https://www.biancogres.com.br/wp-content/uploads/2019/08/FACE-2-SCANDINAVO-BIANCO-1024x251.jpg,26x106,Porcelanato Esmaltado,Sim,Acetinado,Não,LD,2,V4,32,7.44,1.5
Stelle Bianche,https://www.biancogres.com.br/produto/stelle-bianche/,https://www.biancogres.com.br/wp-content/uploads/2018/09/AMBIENTE_BIANCOGRES_STELLE_BIANCHE__32X60-1024x591.jpg,32x60,Monoporosa,Sim,Acetinado,Sim,LA,-,V1,1,8,1
Stelle Fendi,https://www.biancogres.com.br/produto/stelle-fendi/,https://www.biancogres.com.br/wp-content/uploads/2018/09/AMBIENTE_BIANCOGRES_ILLUMINATO_BEIGE_82X82_E_STELLE_FENDI_32X60-site-1024x1024.jpg,32x60,Monoporosa,Sim,Acetinado,Sim,LA,-,V1,1,8,1
Stelle Cobre,https://www.biancogres.com.br/produto/stelle-cobre/,https://www.biancogres.com.br/wp-content/uploads/2018/09/ambiente-biancogres-stelle-cobre-32x60-SITE.png-1024x1024.jpg,32x60,Monoporosa,Sim,Acetinado,Sim,LA,-,V2,1,8,1
Statuario Satin,https://www.biancogres.com.br/produto/statuario-satin/,https://www.biancogres.com.br/wp-content/uploads/2019/08/PORCELANATO_BIANCOGRES_STATUARIO_SATIN_60X60.jpg,60x60,Porcelanato Esmaltado,Sim,Acetinado,Não,LD,1,V4,12,8.8,1.5
Squadratto New Grey,https://www.biancogres.com.br/produto/squadratto-new-grey/,https://www.biancogres.com.br/wp-content/uploads/2018/09/squadratto_new_grey-1.jpg,30X30,Porcelanato Esmaltado,Sim,Acetinado,Não,LC,-,V3,1,11,3
Statuario Bianco,https://www.biancogres.com.br/produto/statuario-bianco/,https://www.biancogres.com.br/wp-content/uploads/2018/09/AMBIENTE_BIANCOGRES_STATUARIO_BIANCO_62X62-SITE.jpg,62x62,Porcelanato Esmaltado,Sim,Polido,Não,LC,1,V4,13,8,"1,5"
Stelle Blu,https://www.biancogres.com.br/produto/stelle-blue/,https://www.biancogres.com.br/wp-content/uploads/2018/09/ambiente-biancogres-stelle-blue-32x60.png-1024x1024.jpg,32x60,Monoporosa,Sim,Acetinado,Sim,LA,-,V2,1,8,1
Squadratto Arosa Tre-di,https://www.biancogres.com.br/produto/squadratto-arosa-tre-di/,https://www.biancogres.com.br/wp-content/uploads/2018/09/SQUADRATTO_AROSA_MOSAICO_30X30_F1-1-1024x1035.jpg,30X30,Porcelanato Esmaltado,Sim,Acetinado,Sim,LA,-,V4,1,10,JUNTA SECA
Squadratto Montalcino Tre-di,https://www.biancogres.com.br/produto/squadratto-montalcino-tre-di/,https://www.biancogres.com.br/wp-content/uploads/2019/05/SQUADRATTO_MONTALCINO_TREDI_30X30__Easy-Resize.com_-1024x1024.jpg,30X30,Porcelanato Esmaltado,Não,Acetinado,Sim,LA,-,V4,1,11,JUNTA SECA
Sicilia,https://www.biancogres.com.br/produto/sicilia/,https://www.biancogres.com.br/wp-content/uploads/2019/10/04-Caf®-Massima-Sicilia-1024x767.jpg,"23,8x152",Vinílico,Sim,Acetinado,Não,LD,-,V2,-,3,JUNTA SECA
Sevilha Beige,https://www.biancogres.com.br/produto/sevilha-beige/,https://www.biancogres.com.br/wp-content/uploads/2018/09/supergres_60x60_sevilha_beige-1.jpg,60x60,Supergres,Não,Brilhante,Não,LC,1,V2,7,8.1,3
Sorrento Satin,https://www.biancogres.com.br/produto/sorrento-satin/,https://www.biancogres.com.br/wp-content/uploads/2020/02/AMBIENTE_BIANCOGRES_SORRENTO_SATIN_53X106.jpg,53x106,Porcelanato Esmaltado,Sim,Acetinado,Sim,LD,2,V3,12,8,1.5
Siena Beige,https://www.biancogres.com.br/produto/siena-beige/,https://www.biancogres.com.br/wp-content/uploads/2018/09/SUPERGRES_BIANCOGRES_60x60_SIENA_BEIGE_site-1024x1024.jpg,60x60,Supergres,Não,Brilhante,Não,LC,1,V3,9,8.1,3
Sensation Snow,https://www.biancogres.com.br/produto/sensation-snow/,https://www.biancogres.com.br/wp-content/uploads/2018/09/porcelanato_biancogres_sensation_snow_60x60-1.jpg,60x60,Porcelanato Esmaltado,Sim,Acetinado,Não,LD,2,V2,3,8.8,"1,5"
Sensation Cream,https://www.biancogres.com.br/produto/sensation-cream/,https://www.biancogres.com.br/wp-content/uploads/2018/09/AMB.-BIANCOGRES-PORC.-SENSATION-CREAM60x60_.jpg,60x60,Porcelanato Esmaltado,Sim,Acetinado,Não,LD,2,V2,3,8.8,"1,5"
Tortona,https://www.biancogres.com.br/produto/tortona/,https://www.biancogres.com.br/wp-content/uploads/2019/10/TORTONA-LINHA-NUOVA-SITE-1-1024x158.jpg,18x122,Vinílico,Sim,Acetinado,Não,LC,-,V2,-,5,JUNTA SECA
Toronto Sabbia,https://www.biancogres.com.br/produto/toronto-sabbia/,https://www.biancogres.com.br/wp-content/uploads/2018/09/biancogres_supergres_toronto_sabbia_60x60.jpg,60x60,Supergres,Não,Rústico,Sim,LD,3,V2,6,8.1,3
Stelle Lux Bianco,https://www.biancogres.com.br/produto/stelle-lux-bianco/,https://www.biancogres.com.br/wp-content/uploads/2018/09/AMBIENTE_STELLE_BIANCHE_SITE-1024x494.jpg,32x60,Monoporosa,Sim,Brilhante,Sim,LA,-,V1,1,8,1
Thimos Caramello,https://www.biancogres.com.br/produto/thimos-caramello/,https://www.biancogres.com.br/wp-content/uploads/2018/09/AMBIENTE_BIANCOGRES_THIMOS_CARAMELLO_26X106_SITE-1.jpg,26x106,Porcelanato Esmaltado,Sim,Rústico,Sim,LD,4,V3,12,7.44,"1,5"
Thimos Sabbia,https://www.biancogres.com.br/produto/thimos-sabbia/,https://www.biancogres.com.br/wp-content/uploads/2018/09/ambiente-biancogres-thimos-sabbia-26x106-SITE.jpg,26x106,Porcelanato Esmaltado,Sim,Rústico,Sim,LD,4,V4,16,7.44,"1,5"
Toronto Beige,https://www.biancogres.com.br/produto/toronto-beige/,https://www.biancogres.com.br/wp-content/uploads/2018/09/supergres_60x60_toronto_beige-1.jpg,60x60,Supergres,Não,Rústico,Sim,LD,3,V2,4,8.1,3
Thimos Sabbia IN,https://www.biancogres.com.br/produto/thimos-sabbia-in/,https://www.biancogres.com.br/wp-content/uploads/2018/09/AMBIENTE_BIANCOGRES_THIMOS_SABBIA_IN_RGB.jpg,26x106,Porcelanato Esmaltado,Sim,Acetinado,Não,LD,2,V4,16,7.44,"1,5"
Terrazzo Veneziano Grigio,https://www.biancogres.com.br/produto/terrazzo-veneziano-grigio/,https://www.biancogres.com.br/wp-content/uploads/2018/09/AMBIENTE_BIANCOGRES_TERRAZZO_VENEZIANO_GRIGIO_E_GRID_SATIN_RGB-1024x940.jpg,82x82,Porcelanato Esmaltado,Sim,Lapado,Não,LE,2,V2,8,8,"1,5"
Tesoro Di Toscana,https://www.biancogres.com.br/produto/tesoro-di-toscana/,https://www.biancogres.com.br/wp-content/uploads/2018/09/AMBIENTE_BIANCOGRES_TESORO_DI_TOSCANA_83X83-SITE.jpg,83x83,Porcelanato Esmaltado,Sim,Acetinado,Não,LD,1,V3,8,8,"1,5"
Terrazzo Veneziano Avorio,https://www.biancogres.com.br/produto/terrazzo-veneziano-avorio/,https://www.biancogres.com.br/wp-content/uploads/2018/09/AMBIENTE_BIANCOGRES_TERRAZZO_VENEZIANO_AVORIO_RGB-1024x614.jpg,82x82,Porcelanato Esmaltado,Sim,Lapado,Não,LE,2,V2,8,8,"1,5"
Terrazzo,https://www.biancogres.com.br/produto/terrazo/,https://www.biancogres.com.br/wp-content/uploads/2019/08/PORCELANATO_BIANCOGRES_TERRAZZO_60X60.jpg,60x60,Porcelanato Esmaltado,Sim,Rústico,Sim,LD,4,V3,10,8.8,1.5
Terranova,https://www.biancogres.com.br/produto/terranova/,https://www.biancogres.com.br/wp-content/uploads/2019/10/01-Living-Nuova-Terranova-1024x767.jpg,18x122,Vinílico,Sim,Acetinado,Não,LC,-,V2,-,5,JUNTA SECA
Studio Grey,https://www.biancogres.com.br/produto/studio-gray/,https://www.biancogres.com.br/wp-content/uploads/2019/08/Studio_Gray_F1.jpg,90x90,Porcelanato Esmaltado,Sim,Acetinado,Não,LE,2,V3,12,8,1.5
Tecno Bianco,https://www.biancogres.com.br/produto/tecno-bianco/,https://www.biancogres.com.br/wp-content/uploads/2018/09/porcelanato_biancogres_tecno_bianco_site_62x62-1.jpg,62x62,Porcelanato Esmaltado,Sim,Polido,Não,LC,1,V1,1,8,"1,5"
Tradizionale Beige,https://www.biancogres.com.br/produto/tradizionale-beige/,https://www.biancogres.com.br/wp-content/uploads/2018/09/monoporosa_biancogres_tradizionale_beige_32x60-1024x1852.jpg,32x60,Monoporosa,Sim,Brilhante,Não,LA,-,V1,1,8,1
Studio Beige,https://www.biancogres.com.br/produto/studio-beige/,https://www.biancogres.com.br/wp-content/uploads/2019/08/AMBIENTE_BIANCOGRES_STUDIO_BEIGE_90X90-SITE-1024x1024.jpg,90x90,Porcelanato Esmaltado,Sim,Acetinado,Não,LE,2,V3,12,8,1.5
Tecno Beige,https://www.biancogres.com.br/produto/tecno-beige/,https://www.biancogres.com.br/wp-content/uploads/2018/09/porcelanato_biancogres_tecno_beige_62x62_site-1.jpg,62x62,Porcelanato Esmaltado,Sim,Polido,Não,LC,1,V1,1,8,"1,5"
Tribeca Grey,https://www.biancogres.com.br/produto/tribeca-gray/,https://www.biancogres.com.br/wp-content/uploads/2019/09/AMBIENTE_BIANCOGRES_TRIBECA_GREY_TRIBECA_GRAY_AD4_90X90_AROSA_26X106-SITE-1-1024x1024.jpg,90x90,Porcelanato Esmaltado,Sim,Acetinado,Não,LE,2,V3,9,8,1.5
Tribeca Beige,https://www.biancogres.com.br/produto/tribeca-beige/,https://www.biancogres.com.br/wp-content/uploads/2018/09/PORC.-BIANCOGRES-CHICAGO-AVORIO-83X83--1024x1023.jpg,83x83,Porcelanato Esmaltado,Sim,Acetinado,Não,LE,2,V3,Lenço,8,1.5
Triangulus Wood,https://www.biancogres.com.br/produto/triangulus-wood/,https://www.biancogres.com.br/wp-content/uploads/2019/05/4.-Triangulus-Wood.jpg,15x15,Porcelanato Esmaltado,Não,Rústico,Não,LD,-,V4,1,"8,2","2,2"
Tribeca Fendi,https://www.biancogres.com.br/produto/tribeca-fendi/,https://www.biancogres.com.br/wp-content/uploads/2019/08/AMBIENTE_BIANCOGRES_TRIBECA_FENDI_90X90-SITE-1024x1024.jpg,90x90,Porcelanato Esmaltado,Sim,Acetinado,Não,LD,2,V3,9,8,1.5
Trento Bianco,https://www.biancogres.com.br/produto/trento-bianco/,https://www.biancogres.com.br/wp-content/uploads/2019/08/PORCELANATO_BIANCOGRES_TRENTO_BIANCO-1024x1024.jpg,82x82,Porcelanato Esmaltado,Sim,Polido,Não,LC,1,V3,Lenço,8,1.5
Triangulus Cimento,https://www.biancogres.com.br/produto/triangulus-cimento/,https://www.biancogres.com.br/wp-content/uploads/2019/05/5.-Triangulus-Cimento.jpg,30X30,Porcelanato Esmaltado,Não,Acetinado,Não,LD,-,V3,1,"8,2","2,2"
Trevi,https://www.biancogres.com.br/produto/trevi/,https://www.biancogres.com.br/wp-content/uploads/2019/10/TREVI-LINHA-VITA-1024x139.jpg,"18,7x122,7",Vinílico,Sim,Acetinado,Não,LC,-,V2,-,2,JUNTA SECA
Trentino,https://www.biancogres.com.br/produto/trentino/,https://www.biancogres.com.br/wp-content/uploads/2019/10/TRENTINO-LINHA-MASSIMA-SITE-1024x203.jpg,"23,8x152",Vinílico,Sim,Acetinado,Não,LD,-,V2,-,3,JUNTA SECA
Trend Cemento,https://www.biancogres.com.br/produto/trend-cemento/,https://www.biancogres.com.br/wp-content/uploads/2020/02/AMBIENTE_TREND_CEMENTO_45X90.jpg,45x90,Monoporosa,Sim,Acetinado,Sim,LA,-,V2,4,10.5,"1,5"
Trend Bianco,https://www.biancogres.com.br/produto/trend-bianco/,https://www.biancogres.com.br/wp-content/uploads/2020/02/AMBIENTE_BIANCOGRES_TREND_BIANCO_45X90_ALTA-1.jpg,45x90,Monoporosa,Sim,Acetinado,Sim,LA,-,V1,1,10.5,1.5
Trend Legno,https://www.biancogres.com.br/produto/trend-legno/,https://www.biancogres.com.br/wp-content/uploads/2020/02/AMBIENTE_TREND_LEGNO_45X90.jpg,45x90,Monoporosa,Sim,Acetinado,Sim,LA,-,V2,4,10.5,1.5
Travertino Romano Beige,https://www.biancogres.com.br/produto/travertino-romano-beige/,https://www.biancogres.com.br/wp-content/uploads/2018/09/AMBIENTE_TRAVERTINO_ROMANO_SITE.jpg,60x60,Porcelanato Esmaltado,Sim,Acetinado,Não,LD,2,V3,6,8.8,"1,5"
Tradizionale Bianco,https://www.biancogres.com.br/produto/tradizionale-bianco/,https://www.biancogres.com.br/wp-content/uploads/2018/09/AMBIENTE_BIANCOGRES_TradizionaleBianco_RGB_1024x1024px_LOW-1024x1024.jpg,32x60,Monoporosa,Sim,Brilhante,Não,LA,-,V1,1,8,1
Travertino Navona Beige,https://www.biancogres.com.br/produto/travertino-navona-beige/,https://www.biancogres.com.br/wp-content/uploads/2018/09/AMB.-BIANCOGRES-PORC.-TRAVERTINO-NAVONA-BEIGE-53X106-1024x1024.jpg,"52,7x105",Porcelanato Esmaltado,Sim,Acetinado,Não,LD,1,V3,14,8,1.5
Travertino Classico Bianco,https://www.biancogres.com.br/produto/travertino-classico-bianco/,https://www.biancogres.com.br/wp-content/uploads/2018/09/AMB.-BIANCOGRES-PORC.-TRAVERTINCO-CLASSICO-BEIGE-53X106-SITE-1024x724.jpg,53x106,Porcelanato Esmaltado,Sim,Acetinado,Não,LE,2,V2,Lenço,8,1.5
Vicenza,https://www.biancogres.com.br/produto/vicenza/,https://www.biancogres.com.br/wp-content/uploads/2019/10/VICENZA-LINHA-NOBILE-e1571062451382-1024x159.jpg,"18,7x122,7",Vinílico,Sim,Acetinado,Não,LC,-,V2,-,3,JUNTA SECA
Vernazza,https://www.biancogres.com.br/produto/vernazza/,https://www.biancogres.com.br/wp-content/uploads/2019/10/03-Quarto-Vita-Vernazza-1024x767.jpg,"18,7x122,7",Vinílico,Sim,Acetinado,Não,LC,-,V2,-,2,JUNTA SECA
Wave Imperiale,https://www.biancogres.com.br/produto/wave-imperiale/,https://www.biancogres.com.br/wp-content/uploads/2018/09/MOSAICO_BIANCOGRES_WAVE_IMPERIALE_30X30.jpg,30X30,Porcelanato Esmaltado,Sim,Acetinado,Não,LC,-,V3,1,9,3
Tribeca Grey AD4,https://www.biancogres.com.br/produto/tribeca-gray-ad4/,https://www.biancogres.com.br/wp-content/uploads/2019/09/AMBIENTE_BIANCOGRES_TRIBECA_GREY_TRIBECA_GRAY_AD4_90X90_AROSA_26X106-SITE-1024x1024.jpg,90x90,Porcelanato Esmaltado,Sim,Acetinado,Não,LE,4,V3,9,8,1.5
Via Imperatore,https://www.biancogres.com.br/produto/via-imperatore/,https://www.biancogres.com.br/wp-content/uploads/2018/09/AMBIENTE_BIANCOGRES_VIA_IMPERATORE_RGB-SITE.jpg,62x62,Porcelanato Esmaltado,Sim,Polido,Não,LC,1,V4,9,8,"1,5"
Wallpaper Lavica,https://www.biancogres.com.br/produto/wallpaper-lavica/,https://www.biancogres.com.br/wp-content/uploads/2018/09/AMBIENTE_BIANCOGRES_PIETRA_LAVICA_E_WALLPAPER_LAVICA.jpg,53x106,Porcelanato Esmaltado,Sim,Acetinado,Sim,LA,-,V3,5,8,1.5
Vêneto Blu,https://www.biancogres.com.br/produto/veneto-blu/,https://www.biancogres.com.br/wp-content/uploads/2020/02/AMBIENTE_BIANCOGRES_VENETO_BLU_45X90-1024x939.jpg,45x90,Monoporosa,Sim,Acetinado,Não,LA,-,V2,4,10.5,1.5
Wallpaper Grigio,https://www.biancogres.com.br/produto/wallpaper-grigio/,https://www.biancogres.com.br/wp-content/uploads/2018/09/AMBIENTE_BIANCOGRES_WALLPAPER_GRIGIO-1024x939.jpg,53x106,Porcelanato Esmaltado,Sim,Acetinado,Sim,LA,-,V2,5,8,1.5
Vêneto Bianco,https://www.biancogres.com.br/produto/veneto-bianco/,https://www.biancogres.com.br/wp-content/uploads/2020/02/ambiente-veneto-bianco.jpg,45x90,Monoporosa,Sim,Acetinado,Não,LA,-,V2,4,8,"1,5"
Veneto,https://www.biancogres.com.br/produto/veneto/,https://www.biancogres.com.br/wp-content/uploads/2019/10/VENETO-LINHA-MASSIMA-SITE-1024x197.jpg,"23,8x152",Vinílico,Sim,Acetinado,Não,LD,-,V2,-,3,JUNTA SECA
Urban Vintage,https://www.biancogres.com.br/produto/urban-vintage/,https://www.biancogres.com.br/wp-content/uploads/2018/09/AMBIENTE_BIANCOGRES_URBAN_VINTAGE_60X60_SITE-1024x1024.jpg,60x60,Porcelanato Esmaltado,Sim,Acetinado,Não,LD,1,V2,1,8.8,"1,5"
Urban Mix,https://www.biancogres.com.br/produto/urban-mix/,https://www.biancogres.com.br/wp-content/uploads/2018/09/AMBIENTE_BIANCOGRES_URBAN_MIX_60X60_SITE-1024x1024.jpg,60x60,Porcelanato Esmaltado,Sim,Acetinado,Não,LD,1,V4,6,8.8,"1,5"
Vanilla Beige,https://www.biancogres.com.br/produto/vanilla-beige/,https://www.biancogres.com.br/wp-content/uploads/2018/09/porcelanato_biancogres_vanilla_beige_60x60_rgb-1.jpg,60x60,Porcelanato Esmaltado,Sim,Acetinado,Não,LD,2,V3,7,8.8,"1,5"
Urban Grigio,https://www.biancogres.com.br/produto/urban-grigio/,https://www.biancogres.com.br/wp-content/uploads/2018/09/AMBIENTE_BIANCOGRES_URBAN_GRIGIO_60X60_STELLE_BLUE_32X60_SITE-1024x1024.jpg,60x60,Porcelanato Esmaltado,Sim,Acetinado,Não,LD,1,V2,5,8.8,"1,5"
Urban Beige,https://www.biancogres.com.br/produto/urban-beige/,https://www.biancogres.com.br/wp-content/uploads/2018/09/PORCELANATO_BIANCOGRES_URBAN_BEIGE_60X60-1024x1024.jpg,60x60,Porcelanato Esmaltado,Sim,Acetinado,Não,LD,1,V2,3,8.8,"1,5"
Yankee Wood,https://www.biancogres.com.br/produto/yankee-wood/,https://www.biancogres.com.br/wp-content/uploads/2019/08/YANKEE-WOOD-2-1024x251.png,26x106,Porcelanato Esmaltado,Sim,Acetinado,Não,LD,2,V4,12,7.44,1.5
Tribeca Lux Grey,https://www.biancogres.com.br/produto/tribeca-lux-grey/,https://www.biancogres.com.br/wp-content/uploads/2018/09/PORCELANATO_BIANCOGRES_CHICAGO_LUX_GRIGIO_82X82-site-1.jpg,82x82,Porcelanato Esmaltado,Sim,Polido,Não,LC,1,V3,9,8,"1,5"
